metric,median_overall,median_true,median_false,n_overall,n_true,n_false
token_recall,0.45553359683794464,0.875,0.41379310344827586,298,41,257
jaccard,0.17620967741935484,0.37209302325581395,0.16279069767441862,298,41,257
rouge1_f,0.29300812602847937,0.5283018818369528,0.2727272680991736,298,41,257
overlap,0.47619047619047616,0.7857142857142857,0.44,298,41,257
bleu,0.029313138704858098,0.20451020613638618,0.020924104386858062,298,41,257
bert_cos,0.6829400062561035,0.7953117489814758,0.6691088676452637,298,41,257
