metric,median_overall,median_true,median_false,n_overall,n_true,n_false
token_recall,0.7864741641337386,0.8405797101449275,0.5606060606060606,200,161,39
jaccard,0.3354166666666667,0.3717948717948718,0.1724137931034483,200,161,39
rouge1_f,0.47999999550577777,0.5263157852527702,0.27397259785325584,200,161,39
overlap,0.7182539682539683,0.7567567567567568,0.47058823529411764,200,161,39
bleu,0.37232285940088367,0.4525255462559146,0.24767939992862334,200,161,39
bert_cos,0.749114453792572,0.7703970670700073,0.636258602142334,200,161,39
