metric,median_overall,median_true,median_false,n_overall,n_true,n_false
token_recall,0.8716540837336995,0.8923076923076924,0.553030303030303,358,308,50
jaccard,0.2727272727272727,0.29520697167755994,0.17165178571428572,358,308,50
rouge1_f,0.4540768463149117,0.4794366148834124,0.27212143160741686,358,308,50
overlap,0.7,0.7368421052631579,0.4660633484162896,358,308,50
bleu,0.2857142857142857,0.3220046082949309,0.24010068252539044,358,308,50
bert_cos,0.7373674809932709,0.753484457731247,0.6349467933177948,358,308,50
