metric,median_overall,median_true,median_false,n_overall,n_true,n_false
jaccard,0.1568627450980392,0.1774193548387097,0.15384615384615385,298,53,245
