{
  "selection_criterion": "difference",
  "top_k": 15,
  "min_balance": 0.0,
  "files_processed": [
    ".\\summary_data\\AgentOpenAI_300.csv",
    ".\\summary_data\\BART.csv",
    ".\\summary_data\\LexRank.csv",
    ".\\summary_data\\MixedLexRank.csv",
    ".\\summary_data\\MixedRest.csv",
    ".\\summary_data\\Mixeddocx.csv",
    ".\\summary_data\\weaviateNaive1_300.csv"
  ],
  "final_threshold_rows": [
    {
      "metric": "jaccard",
      "best_threshold": 0.4,
      "true_pass_rate": 0.06040268456375839,
      "false_pass_rate": 0.003355704697986577,
      "difference": 0.05704697986577181,
      "tpr_ci_low": 0.01881376105076843,
      "tpr_ci_high": 0.1773126067467274,
      "fpr_ci_low": 0.0005332283604287183,
      "fpr_ci_high": 0.02080704947395468,
      "auc": 0.9378380943342507,
      "p_value": 0.6786427145708582,
      "median_gap": 0.20930232558139533,
      "n_true": 41,
      "n_false": 257,
      "class_balance_ratio": 0.15953307392996108,
      "median_overall": 0.17620967741935484,
      "median_true": 0.37209302325581395,
      "median_false": 0.16279069767441862,
      "overall_pass_rate": 0.06375838926174497,
      "doc_retrieved_pct": 0.13758389261744966,
      "source_file": "weaviateNaive1_300",
      "avg_pass_rate": 0.06375838926174497
    },
    {
      "metric": "jaccard",
      "best_threshold": 0.38,
      "true_pass_rate": 0.016778523489932886,
      "false_pass_rate": 0.006711409395973154,
      "difference": 0.010067114093959731,
      "tpr_ci_low": 0.0027302253794419876,
      "tpr_ci_high": 0.09614319637386695,
      "fpr_ci_low": 0.001641791500273885,
      "fpr_ci_high": 0.02701173991901793,
      "auc": 0.5922217943781286,
      "p_value": 0.9580838323353293,
      "median_gap": 0.02357320099255583,
      "n_true": 53,
      "n_false": 245,
      "class_balance_ratio": 0.2163265306122449,
      "median_overall": 0.1568627450980392,
      "median_true": 0.1774193548387097,
      "median_false": 0.15384615384615385,
      "overall_pass_rate": 0.02348993288590604,
      "doc_retrieved_pct": 0.17785234899328858,
      "source_file": "BART",
      "avg_pass_rate": 0.02348993288590604
    },
    {
      "metric": "jaccard",
      "best_threshold": 0.31,
      "true_pass_rate": 0.2181208053691275,
      "false_pass_rate": 0.040268456375838924,
      "difference": 0.17785234899328858,
      "tpr_ci_low": 0.14843650429816696,
      "tpr_ci_high": 0.30866123951380725,
      "fpr_ci_low": 0.02052071755071148,
      "fpr_ci_high": 0.07751610302954656,
      "auc": 0.8880555555555556,
      "p_value": 0.007984031936127744,
      "median_gap": 0.18641025641025638,
      "n_true": 100,
      "n_false": 198,
      "class_balance_ratio": 0.5050505050505051,
      "median_overall": 0.213224043715847,
      "median_true": 0.35948717948717945,
      "median_false": 0.17307692307692307,
      "overall_pass_rate": 0.25838926174496646,
      "doc_retrieved_pct": 0.33557046979865773,
      "source_file": "LexRank",
      "avg_pass_rate": 0.25838926174496646
    },
    {
      "metric": "jaccard",
      "best_threshold": 0.26,
      "true_pass_rate": 0.5369127516778524,
      "false_pass_rate": 0.020134228187919462,
      "difference": 0.5167785234899329,
      "tpr_ci_low": 0.46405684378407486,
      "tpr_ci_high": 0.6082259834107866,
      "fpr_ci_low": 0.006093023599389801,
      "fpr_ci_high": 0.06443525124556457,
      "auc": 0.9625706214689266,
      "p_value": 0.001996007984031936,
      "median_gap": 0.21937701307996907,
      "n_true": 180,
      "n_false": 118,
      "class_balance_ratio": 0.6555555555555556,
      "median_overall": 0.2857142857142857,
      "median_true": 0.39472517730496454,
      "median_false": 0.17534816422499547,
      "overall_pass_rate": 0.5570469798657718,
      "doc_retrieved_pct": 0.6040268456375839,
      "source_file": "AgentOpenAI_300",
      "avg_pass_rate": 0.5570469798657718
    },
    {
      "metric": "jaccard",
      "best_threshold": 0.25,
      "true_pass_rate": 0.1564245810055866,
      "false_pass_rate": 0.055865921787709494,
      "difference": 0.1005586592178771,
      "tpr_ci_low": 0.1056800271942622,
      "tpr_ci_high": 0.2253942763454351,
      "fpr_ci_low": 0.032331544069655674,
      "fpr_ci_high": 0.0948519668986851,
      "auc": 0.5909729712063274,
      "p_value": 0.12574850299401197,
      "median_gap": 0.02216748768472905,
      "n_true": 141,
      "n_false": 217,
      "class_balance_ratio": 0.6497695852534562,
      "median_overall": 0.12727272727272726,
      "median_true": 0.14285714285714285,
      "median_false": 0.1206896551724138,
      "overall_pass_rate": 0.2122905027932961,
      "doc_retrieved_pct": 0.39385474860335196,
      "source_file": "MixedLexRank",
      "avg_pass_rate": 0.2122905027932961
    },
    {
      "metric": "jaccard",
      "best_threshold": 0.25,
      "true_pass_rate": 0.265,
      "false_pass_rate": 0.1,
      "difference": 0.165,
      "tpr_ci_low": 0.17361604130795844,
      "tpr_ci_high": 0.382236058300298,
      "fpr_ci_low": 0.059839532408831074,
      "fpr_ci_high": 0.16245620414675158,
      "auc": 0.8699118046132972,
      "p_value": 0.06786427145708583,
      "median_gap": 0.164021623655438,
      "n_true": 66,
      "n_false": 134,
      "class_balance_ratio": 0.4925373134328358,
      "median_overall": 0.19378911892152142,
      "median_true": 0.33491379310344827,
      "median_false": 0.17089216944801028,
      "overall_pass_rate": 0.365,
      "doc_retrieved_pct": 0.33,
      "source_file": "Mixeddocx",
      "avg_pass_rate": 0.365
    },
    {
      "metric": "jaccard",
      "best_threshold": 0.01,
      "true_pass_rate": 0.25949367088607594,
      "false_pass_rate": 0.16455696202531644,
      "difference": 0.0949367088607595,
      "tpr_ci_low": 0.1737431409305522,
      "tpr_ci_high": 0.3686818052008225,
      "fpr_ci_low": 0.10001210497731682,
      "fpr_ci_high": 0.25877971479802736,
      "auc": 0.6279518072289156,
      "p_value": 0.24750499001996007,
      "median_gap": 0.034482758620689655,
      "n_true": 75,
      "n_false": 83,
      "class_balance_ratio": 0.9036144578313253,
      "median_overall": 0.0,
      "median_true": 0.034482758620689655,
      "median_false": 0.0,
      "overall_pass_rate": 0.4240506329113924,
      "doc_retrieved_pct": 0.47468354430379744,
      "source_file": "MixedRest",
      "avg_pass_rate": 0.4240506329113924
    }
  ],
  "final_median_rows": [
    {
      "metric": "jaccard",
      "median_overall": 0.2857142857142857,
      "median_true": 0.39472517730496454,
      "median_false": 0.17534816422499547,
      "n_overall": 298,
      "n_true": 180,
      "n_false": 118,
      "source_file": "AgentOpenAI_300"
    },
    {
      "metric": "jaccard",
      "median_overall": 0.213224043715847,
      "median_true": 0.35948717948717945,
      "median_false": 0.17307692307692307,
      "n_overall": 298,
      "n_true": 100,
      "n_false": 198,
      "source_file": "LexRank"
    },
    {
      "metric": "jaccard",
      "median_overall": 0.19378911892152142,
      "median_true": 0.33491379310344827,
      "median_false": 0.17089216944801028,
      "n_overall": 200,
      "n_true": 66,
      "n_false": 134,
      "source_file": "Mixeddocx"
    },
    {
      "metric": "jaccard",
      "median_overall": 0.17620967741935484,
      "median_true": 0.37209302325581395,
      "median_false": 0.16279069767441862,
      "n_overall": 298,
      "n_true": 41,
      "n_false": 257,
      "source_file": "weaviateNaive1_300"
    },
    {
      "metric": "jaccard",
      "median_overall": 0.1568627450980392,
      "median_true": 0.1774193548387097,
      "median_false": 0.15384615384615385,
      "n_overall": 298,
      "n_true": 53,
      "n_false": 245,
      "source_file": "BART"
    },
    {
      "metric": "jaccard",
      "median_overall": 0.12727272727272726,
      "median_true": 0.14285714285714285,
      "median_false": 0.1206896551724138,
      "n_overall": 358,
      "n_true": 141,